{"cameraMode":{"drawMode":0,"name":"Shaded","section":"Shading Mode"},"sceneLighting":false,"audioPlay":false,"sceneViewState":{"m_AlwaysRefresh":false,"showFog":true,"showSkybox":false,"showFlares":true,"showImageEffects":true,"showParticleSystems":true,"showVisualEffectGraphs":true,"m_FxEnabled":true},"in2DMode":false,"pivot":{"x":0.7365472316741943,"y":-0.0007624626159667969,"z":-0.21522927284240724},"rotation":{"x":-0.07309398800134659,"y":0.7483329176902771,"z":-0.08364228159189224,"w":-0.6539577841758728},"size":1.2487022876739503,"orthographic":false}