{"cameraMode":{"drawMode":0,"name":"Shaded","section":"Shading Mode"},"sceneLighting":false,"audioPlay":false,"sceneViewState":{"m_AlwaysRefresh":false,"showFog":true,"showSkybox":false,"showFlares":true,"showImageEffects":true,"showParticleSystems":true,"showVisualEffectGraphs":true,"m_FxEnabled":true},"in2DMode":false,"pivot":{"x":-0.10184475779533386,"y":0.7769911289215088,"z":0.139580637216568},"rotation":{"x":-0.07309398800134659,"y":0.7483329176902771,"z":-0.08364228159189224,"w":-0.6539577841758728},"size":1.4703322649002076,"orthographic":false}