{"cameraMode":{"drawMode":0,"name":"Shaded","section":"Shading Mode"},"sceneLighting":false,"audioPlay":false,"sceneViewState":{"m_AlwaysRefresh":false,"showFog":true,"showSkybox":false,"showFlares":true,"showImageEffects":true,"showParticleSystems":true,"showVisualEffectGraphs":true,"m_FxEnabled":true},"in2DMode":false,"pivot":{"x":-0.46164950728416445,"y":0.7811850905418396,"z":0.9129811525344849},"rotation":{"x":-0.020928146317601205,"y":0.9712568521499634,"z":-0.21801795065402986,"w":-0.09323317557573319},"size":1.3161730766296387,"orthographic":false}