{"cameraMode":{"drawMode":0,"name":"Shaded","section":"Shading Mode"},"sceneLighting":false,"audioPlay":false,"sceneViewState":{"m_AlwaysRefresh":false,"showFog":true,"showSkybox":false,"showFlares":true,"showImageEffects":true,"showParticleSystems":true,"showVisualEffectGraphs":true,"m_FxEnabled":true},"in2DMode":false,"pivot":{"x":0.11830452084541321,"y":0.11098957061767578,"z":0.11512482166290283},"rotation":{"x":0.0011191596277058125,"y":0.9945598840713501,"z":-0.10361753404140473,"w":0.010742808692157269},"size":3.0693306922912599,"orthographic":false}