{"cameraMode":{"drawMode":0,"name":"Shaded","section":"Shading Mode"},"sceneLighting":false,"audioPlay":false,"sceneViewState":{"m_AlwaysRefresh":false,"showFog":true,"showSkybox":false,"showFlares":true,"showImageEffects":true,"showParticleSystems":true,"showVisualEffectGraphs":true,"m_FxEnabled":true},"in2DMode":false,"pivot":{"x":0.023826107382774354,"y":0.6607989072799683,"z":0.017678752541542054},"rotation":{"x":0.0011191596277058125,"y":0.9945598840713501,"z":-0.10361753404140473,"w":0.010742808692157269},"size":0.8559497594833374,"orthographic":false}